post_id,subreddit,title,text,score,num_comments,created_utc,post_url,comments,image_urls,over_18
1pecgib,exchristian,I seriously hate religious people so much.,"Okay, this might be a kind of long rant, but basically, a day or so ago, I had this ex-antitheist theologian try to call me out on a story I posted a few months ago about a Chaplain in the hospital. 

This guy actually went through my history just so that he could find things to use to insult me. Like the fact that I'm 35 and haven't been in a relationship, like yeah that's true, but I also understand why things happened the way they happened, and while I'm not necessarily happy about it and would love to experience a relationship at some point in my life. I'm also not upset about the past being the past, but sometimes the loneliness can hurt and I have to be able to get that out somewhere. 

Plus, he unrepentantly called me the R-slur as well. Like, say what you all about me, make fun of me for being a virgin, call me an incel, stupid, fat, whatever, I can take it. There is no reason to go around using the R slur, though. 

Anyway, I didn't even want to post about it because I'm sure that the guy is still reading over my profile, and we'll just be thrilled that I'm still wasting my mental energy dwelling on him. But holy fuck people like this are the most damaging people to exist. The kind of people that look for things to hurt you, like even if I could take your religion seriously, do you really think I would want to join your religion knowing that you're in it?

Like this dude basically got big mad because some Christian with a fancy title didn't know how to respond to me, and so he decided to make my life a living hell because of it. I'm sort of upset with myself for allowing him to get under my skin, like this. I just had to get it off my chest so that I could get past it. 

TL/DR: Ex-antitheist was upset because another Christian didn't respond adequately, so he took time to insult and belittle so that he could feel better about himself and his religion.

Thanks for reading if you did. 

Update: As if this couldn't get any more stupid, the guy just reported me for harassment. He came to me first, I even told him to leave me alone and he just DM me. These people are so screwed in the head.",100,18,2025-12-04 21:30:28,https://www.reddit.com/r/exchristian/comments/1pecgib/i_seriously_hate_religious_people_so_much/,[],[],False
e9bgt0,TrueOffMyChest,I fucking hate religious people.,"Now, hold on there, I don't hate you specifically. Probably.

No, the type of religious people I truly, seriously hate with the fire of a thousand suns is the kind of religious people who give DA LORD!!!11one credit for the work of doctors. Trained doctors who work day and night, sometimes literally, barely sleep, probably take meth suppositories to perform their basic functions such as breathing because they are always are literally on the brink of death themselves.

It's this specific, small-ish group that pisses me off. For the most part, I can't tell them from other people. For the most part, they don't bother me in any other way. For the most part. It's when they do the PRAISE THE LORD!!! near a half-dead doctor on the brink, or actually IS passing out after a long, super exhausting battle with some crazy disease or condition, is when they piss me off.

First I will present a news story (the reasons for this post), and then I will present my own story. One of the many.  
[https://www.lifenews.com/2015/05/18/brain-dead-teenager-awakens-from-coma-after-a-family-friend-prays-for-her/?fbclid=IwAR3dmjIB4WA5Bhaioz75YQlki2ztbP1TxMpBkAIn8aK5uBKqSlkJGFEixMY](https://www.lifenews.com/2015/05/18/brain-dead-teenager-awakens-from-coma-after-a-family-friend-prays-for-her/?fbclid=IwAR3dmjIB4WA5Bhaioz75YQlki2ztbP1TxMpBkAIn8aK5uBKqSlkJGFEixMY)  
This girl here was braindead. Her brain literally died. How is beyond my understanding because I don't quite understand how brains function. All I know about brains is that they're electrified meatloaves and that they use this electricity that is provided by fuck knows what to make a sophisticated network of meat strings commonly known as muscles to do things. Through electricity generated elsewhere. We're living, breathing, shitty generators that use things like bread and pastrami to create electricity.  
So, back to the story - this girl here went braindead. The doctors took this girl, lost their last drops of shit stabilizing her, put her on sophisticated machinery to keep her alive, albeit vegetative, throwing god the middle fingers, pulling her away from the Grim Reaper's grubby fingers, and get no credit. Absolutely none. PRAISED BE DA LORD!!!  
What about some respect for the doctors? Are they going to tell the doctors to go fuck themselves because of DA LAWRD? Did DAW LORDZZ do anything beyond sitting there and watching?  
Where'd the bastard go anyway? I mean, if you look at the bible, he was all over the place back then, throwing animals and turning rivers to blood, and shit.

Now my own tale. I got low on sodium because pills. I'm epileptic, and that requires pills to treat the symptoms. There's no cure, just treating symptoms. Well, one of the pills, as it turns out, eats sodium like a mofo. I got down to 127mg. 125mg and below is death zone. A small bag of Lays has 130mg of sodium. Sure, not as impressive as braindeath. Again, the medical team ripped themselves new assholes (although considerably less new assholes than the team working on this girl) stabilizing me. Sure, nobody went PWAIS TEH LAAAWWUDS!!! around my bed. Still though, near-death experience. It was surprisingly pleasant, too. Not only did I almost die, they made sure my potential death would be comfortable. Gotta give doctors some credit and not just thank this god bastard for doing jack shit and just hypothetically existing.

Fuck those religious cunts.",96,35,2019-12-11 19:06:19,https://www.reddit.com/r/TrueOffMyChest/comments/e9bgt0/i_fucking_hate_religious_people/,[],[],False
f2cf6o,unpopularopinion,Hate towards religious people is still discrimination,"I know it's different from racism or similars etc. because you weren't born with the religion

But i've been afraid of telling people that i'm christian just because of the fear that maybe they'll say stuff like omg you hate gays, disgusting and all of that mumbo-jumbo that it isn't true forme.

It would be the equivalent of saying he's black... hE mUsT bE a CrImInAl. Hating someone just because they believe in someone without knowing the person first is discrimination, but this it's never addresed

EDIT: Holy mcnugget this post blew up so fast that i can barely keep up but the most common comment is Hating someone beliefs- **If you don't like the belief that's your business, that's not my point**

What i'm saying is that hating **someone** because of said belief without knowing them first is bad, if you don't want anything to do with religion, fine, but if someone tells you im a christian without context, ditching them out is a very dick move

EDIT 2: Wow, y'all killed my inbox and the comments are one heck of a rollercoaster but, eh, whatever... Thanks for coming to my ted talk",773,623,2020-02-11 18:19:40,https://www.reddit.com/r/unpopularopinion/comments/f2cf6o/hate_towards_religious_people_is_still/,[],[],False
1pank3v,TopCharacterTropes,[Hated Trope] Villain does something comically evil at the end to remove any ambiguity and ensure you hate them properly,"When a villain's last moment is to become so over-the-top comically evil that there's not even the faintest glimmer of understanding allowed left.

**Last of Us, David**: You spend a while with him being led to understand that the horrors of the new reality have made him and his followers desperate enough to fall into committing heinous acts. But in his last moment, he attempts to rape a child to ensure that you as the audience can think of him as nothing but a horrific monster.

**World of Warcraft, Murrpray**: Through Hallowfall, you're shown a group of deeply religious survivors who have mostly lasted by clinging to their faith and tradition. Murrpray is going against those traditions in a desperate bid for survival, putting players in the situation of deciding whether it's right to commit blasphemy and heresy to better the chances of your people surviving. But in her last moment, she begins screaming about her plans to kill the rest of her people and then subjugate the world. Moral gray becomes clear, definite evil.",7864,1243,2025-11-30 17:12:05,https://www.reddit.com/r/TopCharacterTropes/comments/1pank3v/hated_trope_villain_does_something_comically_evil/,[],[],False
1pypzad,CriticalThinkingIndia,"When a social media hate post meet street justice, everyone loses!","A violent incident was reported from Navi Mumbai after a Bajrang Dal worker was attacked by a mob over a provocative social media post. 

The man had allegedly posted that anyone who wished him Happy Christmas would have nails stabbed into their body. The post went viral locally, triggering outrage. CCTV footage shows a group of 20–30 people storming his mobile shop and assaulting him with punches, kicks, slippers, buckets and flower pots. 

The attackers are seen dragging and beating him inside the shop. Police have registered a case and are examining the footage to identify those involved.

The incident has reignited debate around hate speech, provocation, mob violence and the dangerous normalisation of vigilante justice in India, especially during religious festivals.",6131,897,2025-12-29 16:01:11,https://www.reddit.com/r/CriticalThinkingIndia/comments/1pypzad/when_a_social_media_hate_post_meet_street_justice/,[],[],False
1osy6n8,tattooadvice,Help With Cover (Hate Tattoo),"Hi everyone,

I know this is a long shot but I live in north GA, USA and have this tattoo that I absolutely hate and want covered ASAP. It is affiliated with a hateful religious group Abolish Human Abortion that stood outside of abortion clinics and schools holding graphic abortion imagery that I got while still a fundamentalist evangelical Christian about 10 years ago. I've since deconstructed my faith and have become much more open-minded. I fully support a woman's right to choose, consider myself an ally to the LGBTQ+ community, and desperately want this hateful relic off of my body. Its on my forearm so it is visible unless I cover my arm. 

The rub, I am a single dad taking care of 3 children so one can guess how able I am to have this done the usual way. Does anyone know of a shop or artist nearish to me that would be willing to give their time and talent to have this chapter of my life closed and forgotten?


TIA",4297,566,2025-11-09 23:25:31,https://www.reddit.com/r/tattooadvice/comments/1osy6n8/help_with_cover_hate_tattoo/,[],[],False
1r8ehk8,gaybros,"religious gay men will never make sense to me, like you worship someone who hates you.",i don’t wanna offend people but i seriously don’t get the point of this- like you have gay sex which is against religion but then become religious and fast for a month and then go back to normal?,2072,602,2026-02-18 20:35:07,https://www.reddit.com/r/gaybros/comments/1r8ehk8/religious_gay_men_will_never_make_sense_to_me/,[],[],False
1gpkmcq,movies,"'Dogma' at 25: How a controversial Catholic comedy became practically impossible to see; Religious groups picketed its premiere. Director Kevin Smith received thousand of pieces of hate mail. But the 1999 comedy, starring Ben Affleck and Matt Damon, remains wildly funny and secretly profound",,20379,1236,2024-11-12 13:23:54,https://www.reddit.com/r/movies/comments/1gpkmcq/dogma_at_25_how_a_controversial_catholic_comedy/,[],[],False
1ljhle2,TopCharacterTropes,"[Usually Hated Trope] Characters that are Reimaginings of Religious/Folkloric Beings But Share Little to No Physical and/or Personality Traits with the Originals. Basically, the Two Only Share A Name and That's It.",,3960,1617,2025-06-24 17:38:47,https://www.reddit.com/r/TopCharacterTropes/comments/1ljhle2/usually_hated_trope_characters_that_are/,[],[],False
1muajzl,teenagers,"Please stop all the hate. Love, a trans person",,2002,1482,2025-08-19 06:17:26,https://www.reddit.com/r/teenagers/comments/1muajzl/please_stop_all_the_hate_love_a_trans_person/,[],[],False
1o7b3bm,tattooadvice,Do you guys read my protection symbol as a hate symbol?,"I gave myself this protection rune last year after I had a close call with a chop saw. I'm a carpenter for work and after that incident I realized my hands are my livelihood so I gave myself a stick and polk to protect my hand from danger (and honestly just a reminder of me to be smart and aware while working). 

The protection rune is really the only one I know and I'm not religious or super into runes/Vikings but idk I just like this one. 

I want to see what others think having not a lot of context about me as I would hate to have a stranger see this and think I'm a fucking Nazi. I haven't received any bad attention for it and other people in my shop like it but I'm just getting a little paranoid now. I went to a store the other day that had a poster with know your hate symbols on it and mine was there and up until now I had no idea it could call into that realm of shit.

If you think of immediate hate symbol, I'd love advice on what could cover it while still symbolizing protection of my hand. I'm not here to get validation on my symbol, just advice/opinions! <3",1485,1987,2025-10-15 13:31:55,https://www.reddit.com/r/tattooadvice/comments/1o7b3bm/do_you_guys_read_my_protection_symbol_as_a_hate/,[],[],False
1js8tr1,india,"I hate hate HATEE this country, India and my life here","I hate this country. I hate that I was born here in India. Being born here feels like a curse, at least for me. So, for starters, I’m a 16 yr old transgender boy, born and raised in India. I have several valid reasons for absolutely despising this country from the very core of my soul. Let’s begin with the people, yep, the very proud *citizens* of India. You all know how insanely diverse this country is, right? Every state is like its own little country with different cultural practices, languages, shows, etc. But here’s a list of reasons why I think this country is a failure (there are *way* more, but these ones rlly piss me off):

1. **Extreme Pride**: So many Indians, both online and in real life, have this *ridiculous* inflated sense of pride. They believe India is superior to every other country and that it’s the absolute best. In reality? It’s not lol. They’re just too delusional to see it.

2. **Racism**: Yep, racism. Indians are some of the most racist people, *especially* towards fellow Indians. If you’re dark skinned Indian, other Indians won’t hesitate to throw disgusting, racist comments at you. 

3. **Caste System**: Can we talk about how messed up it is that we *still* have a caste system? Like, in 2025? Seriously?

4. **Lack of Civic Sense**: Indians, as a whole, lack *basic* civic sense. And no, you can’t just blame illiteracy because even well-educated, wealthy people throw trash in the streets like it’s their personal garbage bin. They’re out here littering the country and then turning around to say how “beautiful” and “better than other countries” it is. The irony is painful to say the least.

5. **Judgemental Society**: Everyone's got an opinion about you and they WILL make sure you hear it. Whether it's your clothes, career choices, gender, or who you love, you're *constantly* judged, scrutinized and looked down upon. Privacy is a complete joke here.

6. **Corruption Everywhere**: Bribery and corruption are so normal here, it's practically part of daily life. Need basic services? Better know someone or be ready to pay off some official. The system isn’t broken, it literally functions like this.

7. **Glorifying Suffering**: Struggles are romanticized here. Instead of fixing problems, people flex how much *pain* they’ve tolerated. It’s always “we survived worse” instead of “we deserve better.” It’s toxic asl.

8. **Education System:** Don’t even get me started on the education system. It kills creativity, mental health, and individuality. It’s just rote learning, unrealistic expectations, toxic competition and zero space for personal growth. Nobody gives a damn about what you actually want to do. There ain't much scope for careers like architecture, art, etc. it's always either engineer, doctor or lawyer.

9. **Queerphobia/Transphobia**: Being queer or trans in India is like asking to be treated like trash. People stare, mock, misgender, harass, and dehumanize you for simply existing. It's not just strangers, sometimes it's your own family, school, teachers, doctors. Support is rare and safe spaces? Almost nonexistent in this country. 

10. **Toxic Conservatism**: This country is too obsessed with clinging to outdated traditions and moral policing. People here act like personal freedom is a threat to society. Wear what you want? You're “asking for it.” Speak up? “You're too westernized.” Think differently? “Disrespectful.”

11. **Indians are the biggest hypocrites**: Indians L.O.V.E. preaching “respect,” “tradition,” and “values” but where is that energy when women are getting harassed in broad daylight every other day? When people are abused for their caste or identity? It's all fake, performative morality.

12. **Forced Patriotism**: You can’t criticize the country without being called “anti national.” Like sorry bro, wanting a country to be better isn’t hating it, it’s expecting *basic* humanity. But people here just don’t get that. They’d rather live in denial than face the truth.

13. **Neglected Mental Health**: Mental health is either ignored or mocked in India. There aren't enough therapists, especially queer affirming ones. Public hospitals barely have mental health professionals and private help is expensive. Plus, families often dismiss it as “drama” or “attention seeking.” You're left to fight your mind alone. That's another reason why depression and suicide rates in India are rising rapidly.

Anyway, I'm done for now. There are a lot more issues I cannot mention in this post. These were just a few I've observed and personally experienced in my 16 years of living here.

Edit: 
Here are 12 more issues I've seen because some of y'all just won't sthu and accept how flawed your country really is. Someone NEEDS to speak up. :

14. **Poverty Ignored**: India LOVES showing off its billionaires and skyscrapers, but what about the millions living in slums, without any clean water or food? Poverty here isn’t just a “developing country issue” it’s a systemic failure that both, the government and society conveniently ignore.

15. **Rape Culture**: The number of rape cases reported in India is jst horrifying and that’s *just* the reported ones. Victim blaming is so common, police often refuse to file complaints and rapists walk free while survivors are shamed and silenced.

16. **Fake Democracy**: India claims to be the “largest democracy,” but in reality? Voices are silenced, dissent is criminalized, journalists are jailed and elections are full of manipulation. It’s a democracy in *name only*. 

17. **Religious Extremism**: Religion has become a political weapon in India. Hate crimes, riots and lynchings happen in the name of faith. If you don’t belong to the majority religion, you’re automatically “less Indian” in many people’s eyes.

18. **Patriarchy Everywhere**: This society still treats women like shit, 2nd class citizens. From birth, girls are told to stay quiet, sacrifice their dreams, and prioritize everyone else. Feminism is mocked and asking for equal rights is treated like a threat still. Female infanticide still exists in several parts of India. 

19. **Lack of Accessibility**: India is extremely unfriendly to disabled people. Public spaces rarely have ramps, accessible transport is almost non existent and inclusive education is a joke. It’s like people with disabilities are invisible here.

20. **Fake Progress**: This country LOVES to brag about development but it’s mostly jst surface level. A few metro cities might look shiny, but rural areas still lack basic healthcare, clean drinking water and decent roads. 

21. **Toxic Nationalism in Schools**: Kids are brainwashed from a very young age to blindly worship the country. There’s zero room for questioning history, policies or even basic facts. You’re taught to obey, not to think.

22. **Zero Work-Life Balance**: The culture here is so toxic. People are expected to overwork, underpaid jobs are normalized and taking care of your mental health is seen as laziness like I mentioned earlier. Rest is treated like a luxury, not a necessity.

23. **No Legal Protection for Queer Relationships**: Queer people still can’t legally marry, adopt, or even access basic relationship rights. The government refuses to recognize LGBTQIA+ people as equal citizens because we “don’t align with Indian culture.”

24. **Brain Drain**: Talented people keep leaving India. Why? because the environment here is so hostile to creativity, to freedom, to ambition. If you're smart and different, this country will try to shut you down. 

25. **No Sex Education**: There’s ZERO proper sex ed in most schools. As a result, kids grow up clueless about consent, safety, and bodies leading to abuse, unplanned pregnancies, and shame. It’s a public health crisis no one wants to fix. That’s also a HUGE reason why India has such an overwhelming and unmanageable population because people aren’t taught how not to contribute to it.

**Anyway, I’m done fr now. The so-called Indians in the comments are doing a flawless job proving every single point I made. It’s honestly just embarrassing and disgusting at this point lmao.**

*Edit 2* : To those saying I should just leave India, I definitely will. I’ve wanted to for a long time. But it won’t be an escape, it’ll be a choice. Like anyone else, I just want to live a good life. I know I deserve better regardless of what other ppl have to say. If I can feel welcome and find love, freedom, safety, and acceptance in another country, things my birth country never gave me, then I’ll leave without hesitation.

*Edit 3* : And to those saying my post was written by AI, I appreciate the accidental compliment lol. I guess my writing’s finally leveling up! 
",3184,778,2025-04-05 17:33:53,https://www.reddit.com/r/india/comments/1js8tr1/i_hate_hate_hatee_this_country_india_and_my_life/,[],[],False
1b9ghwh,atheism,Canada would remove religious exemption from 'hate speech' in proposed bill. Christians say quoting Scripture to defend their bigotry could be criminalized if the legislation passes.,,8986,816,2024-03-08 05:40:15,https://www.reddit.com/r/atheism/comments/1b9ghwh/canada_would_remove_religious_exemption_from_hate/,[],[],False
1iqqw6a,TopCharacterTropes,"Religious characters who aren't self-righteous hateful bigots, but instead embody the good parts of their faith","1. Matt Murdock - Daredevil 
2. Kurt Wagner / Nightcrawler - X-Men comics and many of its adaptations
3. Thane Krios - Mass Effect
4. Leeza Scarborough - Midnight Mass",3324,506,2025-02-16 12:09:23,https://www.reddit.com/r/TopCharacterTropes/comments/1iqqw6a/religious_characters_who_arent_selfrighteous/,[],[],False
1c67rlh,atheism,I fucking hate christianity,"It’s driving a fucking wedge between my parents and I. Fuck this goddamn delusional bullshit I’m so fucking angry. I know for a fact that if they had to choose, they choose their fucking imaginary friend over their own flesh and blood. Fuck religion, fuck christianity and fuck all the delusional horseshit that stems from it. 


Edit:

Thank you all for your kind words. It means much more than you think. 
I know that making a post like this, and on a sub like this especially, isn’t exactly a hot take. Or even really thought provoking or mature. But I’m in a bad place right now and I really needed to vent, to scream into the void or something. I didn’t even really expect anyone to pay attention to this, much less this many people. 
Yeah, I’m an atheist and yeah, I’m angry. I’m not like this usually, but stuff happened in my family because of religion and I just had to voice my frustration somewhere, anywhere. I don’t have a lot of people to talk to about this and I’ve been bottling all this for years now. It had to come out one way or another. 

For those of you who say I need help: news flash, yeah I do. I’m saving up for a therapist. 

And for those who have looked up my post history, yes: I post and comment a lot about christianity because I’m absolutely riddled with religious trauma. Forgive me for using this platform as an outlet for my issues. 


Again, thank you folks. I wish you a good day. 


Edit 2:

I want to clarify something here. The most astute among you will have already discerned that I don’t really like christianity. But my problem really is with bigotry. I cannot stand it, from anyone. 
From my experience, most bigotry where I live comes from christianity. Now, you can believe whatever you want, however you want. I don’t care. But if you start dehumanizing people for who they are or for things they don’t control, then I’m gonna have a problem with that. 


Final edit:

To all the christians and catholics in the comments, I don’t hate you. In fact, how could I when most of you have been lovely. It’s moments like this that remind me that people can be good, genuinely good. I’m sorry if I caused you or anyone else any turmoil with my F-bombs and my seething. Know that you’ve all helped me feel better and gain a better outlook on life. I appreciate you all. ",4023,1378,2024-04-17 11:47:23,https://www.reddit.com/r/atheism/comments/1c67rlh/i_fucking_hate_christianity/,[],[],False
v6153g,Gamingcirclejerk,"He doesn't HATE LGBT people, he ONLY opposes their very existence!",,19047,1694,2022-06-06 11:17:26,https://www.reddit.com/r/Gamingcirclejerk/comments/v6153g/he_doesnt_hate_lgbt_people_he_only_opposes_their/,[],[],False
r3fnaz,todayilearned,"TIL of a group of people known as 'Cagots' who were persecuted for centuries in France, they did not differ racially or religiously than the the rest of the population, Historians still aren't sure why this group of people were hated so much..",,30043,1256,2021-11-27 15:20:40,https://www.reddit.com/r/todayilearned/comments/r3fnaz/til_of_a_group_of_people_known_as_cagots_who_were/,[],[],False
vkmxzu,atheism,I didn’t hate Christianity and was willing to co exist but now I absolutely hate them.,"After Roe v Wade was overturned and I’ve been having major anxiety all day and all night, I absolutely hate the religion. I’m extremely angry towards them. 

They do nothing but shove their beliefs down everyone’s throats, they’re so arrogant that they don’t consider other possibilities, and they take pride in taking rights away from women and treating them like birthing machines. I hate them now. And I will be boycotting every religious business I can. 

My family and bf are Christians and while I don’t hate them, I am disgusted that they agree with this. I take birth control pills for mostly my irregular period cycle because before they would be very irregular and painful. If they take contraceptives away, they’ll be affecting my health. 

They don’t care about human life and all the aborted fetuses that could have been born like they say they do. They just want to demote women to birthing machines and take their rights. And, I hate them for it. I refuse to coexist with them except for my family and bf.",14288,1247,2022-06-25 19:53:32,https://www.reddit.com/r/atheism/comments/vkmxzu/i_didnt_hate_christianity_and_was_willing_to_co/,[],[],False
upifo1,LeopardsAteMyFace,Gay Christian shocked to learn that Christians hate gays,,24585,933,2022-05-14 14:30:22,https://www.reddit.com/r/LeopardsAteMyFace/comments/upifo1/gay_christian_shocked_to_learn_that_christians/,[],[],False
1pig798,canada,Liberals to accept Bloc amendment to remove religious exemption from hate-speech laws,,902,465,2025-12-09 19:10:48,https://www.reddit.com/r/canada/comments/1pig798/liberals_to_accept_bloc_amendment_to_remove/,[],[],False
r0fowx,atheism,"I fucking hate that everyone including other black people assume I'm a Christian just because I'm black. Like even if I was religious, why would I choose the one that slaves adopted from their masters?",Title,13468,1043,2021-11-23 15:28:25,https://www.reddit.com/r/atheism/comments/r0fowx/i_fucking_hate_that_everyone_including_other/,[],[],False
1l7rj3m,TeenIndia,i hate my religion,"i dont want to start any religious wars here but fuck islam. fuck hijab fuck niqab fuck all modesty. i wanna wear shorts. i wanna wear skirts. i have never worn anything apart from full/mid sleeve and long trousers in my entire life. if it's mid sleeve wear a hoodie on top. if your chest is growing because you're in adolescence age then cover it up too. the women in my family expect that the men like my dad grandpa uncles are all busy ogling my chests and they might get aroused so i need to cover it. this has been going on ever since my grandma found out i got my first period. which was 5 years ago.

when it's not for her, my dad and mom are fine. liberal even. ofc they dont let me wear what i want, they dont let me go where i want to (i presume that's for my safety), they'll probably beat me to death if i ever got a boyfriend. but when my grandma (maternal) comes over, it's worse. my dad's personality completely changes, he goes from a bare minimum husband to full on patriarchal narcissist, and my mom just... accepts it? she was married when she was 19 and he was 30. if that's not terrifying idk what is. im 16 right now, 3 more years to go. my dad once told me that if they wait till 25 for my marriage i'll become useless by then. i want to die. i dont know what they want from me. first they tell me to prepare for 3 of india's most famous (hence more competition as in and thus more difficult to crack) exams, then they turn around and tell me to follow their stupid fucking religion, do chores just because i'm a girl.

i just had a talk with my family today this morning. talk is not the word to describe it actually, more of an argument from my dad and grandma's side. i already finished reading the quran once on their *orders*, now they want me to revise it like i'm giving jee based on it. they want me to continue reading arabic mindlessly and just hoping it'll connect me to their god. i told my mom privately that this isn't the way of instilling belief into anyone. she said it's either that or we'll beat you up, you can practice your religion or nothing at all when you move out of my house -- but i dont think they'll ever let me move out either, theyre all about control and shit. whenever i express my desire to move out into another country they start laughing at me and joke that they'll follow me wherever i go.

but i don't want to hate them. they raised me. sure, they threaten me a lot. but they're not the taliban, so it's fine, right?

**edit:** thank you so much for your advice! i have read every single comment (even the ones telling me to kms, ~~yes im trying sir~~) i will focus on my studies and try to maintain a normal relationship with my parents. there's nothing i can do except follow them right now. as my mom said earlier i can practice my religion once i'm out of her roof, it's not a confirmation of whether they'll really let me do it but i'll take it as motivation. thank you again.",1581,450,2025-06-10 06:15:10,https://www.reddit.com/r/TeenIndia/comments/1l7rj3m/i_hate_my_religion/,[],[],False
1r3x5ep,charts,Religious Hate Crimes Relative to Population in USA (second graph has raw incidents),"I constructed the first graph, based on the second graph's numbers, taken from USAFacts[ here](https://usafacts.org/articles/which-groups-have-experienced-an-increase-in-hate-crimes/). I believe USAfacts if pulling from the [FBI db here](https://cde.ucr.cjis.gov/LATEST/webapp/#/pages/explorer/crime/hate-crime)

I then divided the number of 2015 and 2024 hate crimes over the most recent estimate of the religious populations. For the jewish population that was the 2024 numbers at 7.7 Million. For the Muslim population that was 4.5 Million from the 2020 religious census. Below are my sources for population estimates.

Anti-Islam hate crimes have actually increased from 2015 to 2024, going from 258 incidents to 260 and are the second most common. However, Anti-Jewish estimates have gone from 667 to 2,080 over the same time period.

Relative to changes in population, the incidence of anti-jewish hate crimes have increased drastically, while anti-islamic hate crimes have decreased a little.

|Sources Jewish pop 2015|Sources of Muslim Pop 2015|
|:-|:-|
|[5.7 Million](https://www.jewishdatabank.org/databank/search-results/study/803)|[3.3 Million](https://www.pewresearch.org/short-reads/2016/01/06/a-new-estimate-of-the-u-s-muslim-population/)|
|[6.8](https://link.springer.com/chapter/10.1007/978-3-319-24505-8_5) Million|**2017 numbers (mislabeled as 2024)**|
|[5.7 Million](https://www.pewresearch.org/short-reads/2016/01/06/a-new-estimate-of-the-u-s-muslim-population/)|[3.45 Million](https://worldpopulationreview.com/country-rankings/muslim-population-by-country) \- using [2017 numbers](https://www.pewresearch.org/short-reads/2018/01/03/new-estimates-show-u-s-muslim-population-continues-to-grow/) via Wikipedia|
|||
|Sources jewish pop 2023|Muslim Pop 2020|
|[7.46](https://worldpopulationreview.com/country-rankings/jewish-population-by-country). million|[4.5 Million](https://www.justiceforall.org/resources/reports/american-muslims-2025-a-brief-profile/#:~:text=Demographics:,3)|
||[4.5 Million](https://www.usreligioncensus.org/node/1641)|
|Sources Jewish pop 2024||
|[7.7 Million](https://www.jewishdatabank.org/databank/search-results/study/1245)||

EDIT: People are pretty passionate about trying to dismiss this and are trying to criticize how I have analyze the data.

These data have nothing to do with antisemitic speech, criticism of Israel or the ADL - as many are trying to imply in the comments.

These data are in accordance with the [National Hate Crime Statistics Act](https://www.fbi.gov/how-we-can-help-you/more-fbi-services-and-information/ucr/hate-crime). Please feel free to scrutinize and write to your congressperson about their definition of hate crimes.

Hate crimes require 2 things:

1. Enough evidence of a crime that a criminal complaint is filed with the police and
2. enough evidence that the person's identity was a factor. Criminal complaints are a big deal, because police do not want to write them down as it affects their statistics.

Edit 2: There was a lively discussion in the comments about the difference between police complaints (not included in the data) and police reports (included in the data). Here is the difference:

# What Is a Police Complaint?

* (NOT included in the above data)
* This is a complaint \***TO THE POLICE**\*, as in officer, someone broke my window.
* A police complaint is an official report to the law enforcers who report that an offence has been committed. It consists of the criminal proceedings that are usually initiated in the form of \*\*the first legal step\*\*. A victim or a witness, or any other concerned person that possesses information of the offence may file a police complaint.

# What Is a Police Report? 

* (INCLUDED in the above data)
* This is the report **BY THE POLICE**, as in We investigated the broken window and found evidence showing this was a deliberate act. Here are the suspects.
* A police report is a governmental document that is composed by the law enforcement officials \*\*after investigating the complaint\*\* and issuing an investigation. Contrary to the police complaint, which is a complaint instituted by an individual, a police report depicts the results and conclusions of the police on evidence and investigation.
* [Source](https://www.lawchef.com/blogs/police-complaint-vs-police-report)",560,486,2026-02-13 18:33:47,https://www.reddit.com/r/charts/comments/1r3x5ep/religious_hate_crimes_relative_to_population_in/,[],[],False
b1s1w8,atheism,"Loud & clear: It is not hate speech to blast priests for raping kids. Is isn't hate speech to blast the Catholic church for covering up for pedophiles. It is not hate speech to say ""fuck militant Islam"" after a terrorist attack and it is not hate speech to say fuck Nazis when one shoots up a mosque.","Recently, there have been a lot of folks whining about how they got their feelings hurt because this sub is too critical of their religion....and naturally, they resort to blasting us as being a hate sub who engages in hate speech against the religious.

This couldn't be more incorrect.

Criticizing priests for raping children is not hate speech.

Blasting the Catholic church for covering for pedophiles for decades is not hate speech. 

Blasting folks for still donating to an organization that admits that it has, for decades, covered for pedophiles is not hate speech. 

Being the first to shout fuck militant Islam after a terrorist attack is NOT hate speech. 

Telling the world that Nazis are fucking scum and deserve the guillotine after a Nazi shoots up a mosque is NOT hate speech. 


Hate speech is when a Christian pastor claims gays should be executed for simply being gay. 

Hate speech is when a Catholic compares gay folks to pedophiles while protecting actual pedophiles within the ranks of the church. 

Hate speech is saying that all atheists are immoral and deserve to be shunned for their beliefs. 


If folks would learn the difference between harsh criticism and hate speech, maybe they wouldn't be so butthurt by this sub.

**edit:** yes, I agree with many comments pointing out that it’s always appropriate to say “fuck Nazis.” ",25809,1792,2019-03-16 12:43:33,https://www.reddit.com/r/atheism/comments/b1s1w8/loud_clear_it_is_not_hate_speech_to_blast_priests/,[],[],False
deah3p,HumansBeingBros,Cover up the hate,,85069,891,2019-10-06 22:25:39,https://www.reddit.com/r/HumansBeingBros/comments/deah3p/cover_up_the_hate/,[],[],False
1rtu56z,Louisiana,Went to a Parade... And Realized I Hate it Here,"I was just trying to go to a parade...

If these are your beliefs, that's your business. 

Its probably not ideal to mimic monsters like Fuentes in religious art though.",646,282,2026-03-14 20:35:04,https://www.reddit.com/r/Louisiana/comments/1rtu56z/went_to_a_parade_and_realized_i_hate_it_here/,[],[],False
5eobxq,atheism,"Meet your new a Secretary of Education: billionaire, creationist, charter school advocate, she's anti-gay marriage, daughter of Amway founder, sister of Blacwater CEO, she is the largest donor to the worst Religious Right hate groups. Making America Great Again!",,32864,3820,2016-11-24 15:49:42,https://www.reddit.com/r/atheism/comments/5eobxq/meet_your_new_a_secretary_of_education/,[],[],False
1fyvvgi,IndiaSpeaks,Why shouldn't foreigners hate india ,"Tell me this when we have such level of unmanaged filth in our roads no civics sence among the general public, a crowd of horny men surrounding any white foreign girl they see, why shouldn't they hate our country 

We only speak of improvement when absolutely nothing is done, our government doesn't give a crap as long as the official guests who come here don't see the mess, and win votes by religious and castist politics

Tell me this when we see the state of Pakistan don't we hate it, don't we say that it is bad in every way. If we freely say anything we want about Pakistan why do you think that foreigners will not say the same about us when they compare our country with their own 

People are racist yes and honestly  they have the right to be as we indian go to their country and show our  civics sence there too. And as if we can even complain abt racism when our country is the most racist in the world and to ourselves the most. 

I had pride in my nationally as a child but now as I see the things happening and see the condition of the country I only feel shame. 

There is no place in the world were indians can live without being hated by the general public ",2895,382,2024-10-08 09:40:42,https://www.reddit.com/r/IndiaSpeaks/comments/1fyvvgi/why_shouldnt_foreigners_hate_india/,[],[],False
1ni4bv0,traaaaaaannnnnnnnnns2,I hate this timeline,,4216,101,2025-09-16 01:30:31,https://www.reddit.com/r/traaaaaaannnnnnnnnns2/comments/1ni4bv0/i_hate_this_timeline/,[],[],False
1i6r8ez,ufc,Apparently it's getting religious now & How can one hate Merab?,"So after Merab's recent victory over Umar, 
We witnessed the fans go crazy, myself included. I believe it was mainly due to the big mouth Umar had for months and getting embarrassed (arguably) inside the octagon, followed by his bunch of excuses. 

I came across many post's with racial epithets against the OPs. 
The others were religious slurs from certain religion (apparently its form of resistance) , whom had somehow associated the criticism on their fav fighter to be a form of religious hate towards them. (Whatever) 


Then I saw this on Instagram, it was really refreshing to see someone (The Real Champion) pointing out the basic aspect about sportsmanship that one should know. 

I really don't understand how do you hate Merab ?

Ps: I'm a Makhachev fan and for posting about Merab's win, certain bums were upset.",2362,335,2025-01-21 19:41:09,https://www.reddit.com/r/ufc/comments/1i6r8ez/apparently_its_getting_religious_now_how_can_one/,[],[],False
11jvplt,atheism,"I'm tired of hearing ""I don't hate gay people, but [insert something abhorrent]"" Just be honest with how vile you are and just say you hate them.","Tried posting this on r/offmychest but apparently you have to be an accepted member there, so I figured since this is a religious issue and I'm very familiar with this community that I'd post it here. Sorry if not allowed.

Unfortunately had an interaction with my family today where we were all together at our parents and we were talking about how people turn to things to deal with depression and I brought up the fact I watched The Whale and how the main character uses food and over eating as his way of trying to deal with his grief or kill his whale and my parents talked about how they were excited to see it and said it looked really good, until I mentioned the part that the main character is gay. IMMEDIATELY the mood changed and my Ma got a completely disgusted and angry look on her face and said

Well now I'm not watching it. Hollywood always has to stick their gay agenda into everything. 

I'm always having to listen to their vile rhetoric on gay and trans people and I'm just tired of it and looked at her and said 

Why don't you just say that you hate gay people?

And she was thrown back and said
I don't hate gay people, Hollywood just has to throw it in our faces and shove it down our throats! It's everywhere!

And I replied, So are heterosexual relationships but you don't complain about that.

And my dad chimed in saying
That's because it's natural.

There was a long debate back and forth where I explained to them again that homosexuality is natural and has been shown to be natural, and they kept going on about how gay people are so privileged and that Christians are the real persecuted people in the US and that gay people are soon going to be having Christians tried in court for being Christians then start decapitating them and yadda yadda yadda more persecution fetish and how gay people need to just shut up and stop being in media and such. And I ended it with telling them that they are the perfect examples of the American Christian because they aren't loving, they sit in front of Fox News all day and complain about how gay and trans people are the fall of society and how they shouldn't have rights but it's okay because it's not hate they do it out of love. I told them there's something extremely wrong and vile about how they look at their fellow human beings that even just the mere existence of them and the mere mention of that existence is enough to completely change your demeanor into disgust and animosity. 

I'm just fucking tired of people having to excuse their own existence. It's dehumanizing and having to spend the one life I have having to fight for my right to exist because you have people like pastor Steve Anderson and Dillon Awes calling for the execution of gay people and the absolute diseased ideas they spread to others who then take out their problems on people they have been told to hate, it's exhausting. I'm exhausted. 

If you're the type of person who talks like they do, just say it. You hate gay people. You do. Just be honest. I'm tired of pretending it's something that it's not because you don't have the balls to say what it really is. I'm tired of defending my family. I love them, but they hate people like me. Which is sad because they are otherwise good people. But it's like Hitchens pointed out, religion makes normally moral people do and say wicked and disgusting things.

I'm just frustrated and wanted to get this off my chest because I'm just honestly so tired of it. And I want to say, if your family is the same, you don't need to defend them. I'm learning it's okay to love your family but also recognize when their ideas are absolutely vile and honestly probably recognize that they may not be good people. I can't wait for the day when all these horrible ideas are dead and in the past. 

If you read my whole rant, thanks! I wanted to put more but didn't want to bore everyone. 

TL;DR My parents hate gay people, I told them to just say it and stop pretending that they don't. Tired of hearing their vile rhetoric towards LGBTQ all the time and learning that it's okay to not have to defend people just because they are related to you.

Edit: Lots of triggered and crying homophobes are out. I love it. Glad I can ruin your day 👍",5257,630,2023-03-06 10:59:54,https://www.reddit.com/r/atheism/comments/11jvplt/im_tired_of_hearing_i_dont_hate_gay_people_but/,[],[],False
zk7rx2,BestofRedditorUpdates,"My brother, who *hated* religion, died Saturday. I just found out our recently ultra-religious mother plans to have his funeral in her Roman Catholic faith... and I ""cannot"" be a pallbearer unless I carry his body to and from the altar.","**I am NOT OP. Original post by u/kaele_dvaughn in r/advice**

trigger warning: >!death!<

---

&nbsp;

[**My brother, who *hated* religion, died Saturday. I just found out our recently ultra-religious mother plans to have his funeral in her Roman Catholic faith... and I cannot be a pallbearer unless I carry his body to and from the altar.**](https://www.reddit.com/r/Advice/comments/9z2jff/my_brother_who_hated_religion_died_saturday_i/) - 21 November 2018

I need some advice.  I am so outraged, so livid, that I actually have been spluttering when trying to talk about it.

My little brother died Saturday after a 3 year battle with cancer.

Atheists, do *not* downvote those whom are religious.  Religious types, return the favor please, and do not downvote those opinions you disagree with.  Be civil.

Details:

He was exceedingly anti-religious throughout his life.  Not militantly atheist, where he wanted to tear down all religions and etc, but actively detested religion broadly because of the thought control and hypocrisy of it.

He hated how religion preached peace... *except kill all who do not believe the correct way.*

 He hated how religion preached understanding...  *unless someone thought differently*

He hated how religion preached love... *unless you didn't bow down, and then eternal torment*.

He hated how religion always seemed to act exactly like the leaders of North Korea... act like you love me, do what I say, or forever be imprisoned and tortured.

He hated how religion said one could rape, murder, destroy lives... *but as long as you said sorry at some point it was all good*.

He hated how religious leaders could molest children, but it was all good because they spoke for the invisible sky wizard.

And yet if you lived your life being the most generous, loving, giving person to the point of sacrificing yourself for the betterment of others... you were still allegedly going to be tortured for eternity simply because you did such things because they are the way any of us should be, instead of because Bugs Bunny said we should, and needs must worship Daffy Duck.

My little brother, my best friend throughout my life, the person I have fought beside against the world of both far-right and far-left racism, idiocy, hypocrisy, and hate...

...is to be buried in a Roman Catholic Mass/ceremony, because our mother.  A mother that until 5 years or so was non-religious (not anti, like Brother and I, but scoffed at it) until she moved to Oregon where her sister lives (and whose son is a Roman Catholic Father/priest).

So, the advice I need:

As mentioned... I am outraged and very, very, very, *very*, *VERY* appalled and angry.  I feel that this is an extreme insult to my brother's memory.

I will conduct myself with utmost propriety, despite my inclinations to shout out how much my brother would hate what is going on in his honor.  Heck, if there is ever to be a zombie uprising, this would set it off... as Brother would burst out if his casket if he could.

I will be approached by my mother and asked if I have calmed down/accepted Jesus Christ since being notified that Brother will be laid to rest with full Roman Catholic ceremony.

I plan on asking her if *she* would have calmed down and accepted Muhammed if Aunt Gail (my aunt, her sister) was buried in the Muslim faith. 

I don't want this to be a shitshow.  The only person I have ever unconditionally loved -and who unconditionally loved me back- is dead.

I do not want to profane his memory... and yet, the very ceremony for his funeral is exactly that.

I think I will just *seethe*, and go along with it.  Any sort of confrontation would be worse.

But Reddit, as weird as it may be to ask complete strangers...

What are your thoughts?

&nbsp;

[**Update: Brother passed away Saturday, and Mother insisted on a Roman Catholic funeral despite his hatred of religion. Should I have posted this update elsewhere?**](https://www.reddit.com/r/Advice/comments/9znxcl/update_brother_passed_away_saturday_and_mother/) - 23 November 2018 

I am only posting here, because the original post was here.  So many, many people responded; I wanted to reach the same audience and let everyone know what their advice did, and the results. 

Some background:

In his last week of life, Brother was moved to our sister's house (who is an active nurse).  She selflessly accepted him in (despite two children and a work schedule that ICU/ER nurses have), and kept a baby monitor in the room; she was always available, cleaned him, turned him, etc... all of the needs that a dying person has, that only others whose family members are on the verge of dying can understand.

I followed the more or less general consensus, and was preparing to create a coalition to protest a funeral so very much against who my brother was in life.

And in my outrage... *I* somehow forgot who my brother was in life.

I got a call from our Sis.  She wanted to check up on me, knowing how devastated I was by Brother's death.

In all of my anger, in all of my outrage... I never called the one person who had been caring for him.

Brother foresaw our mother's pain, and agreed to a Roman Catholic burial.  He did not convert as I thought I was being told, or whatever the case may have been.

Sis did not believe it either, but assured me that she made sure they were alone, and spoke to him during a lucid period to verify that he actually agreed to it.

That was the kind of man my brother was.  In his very last days, as he lay dying, he cared more about how the pain and loss after he was gone would affect others, rather than about himself.

I actually *was* the asshole, for only dwelling in my own pain and not realizing that this is exactly something Brother would do: sacrifice himself for the good of others.  Sacrifice is too strong a word, but you know what I mean.

So:  I officially thank the hundreds upon hundreds who took the time to comment, and the dozens who PM'd/DM'd me.  All of you, in all of your thoughts and beliefs on every side... again, thank you.  Brother and I always believed in hearing all sides without reservation.

You have -beyond doubt- shown that that caring towards others still holds true despite all of the hate and fingerpointing that currently seems so prevalent.

A forum of complete strangers came together.  I love you all... and thank you so very, very much.

I have on last thing to ask of you:

Do a random act of kindness for a complete stranger, just once.

I don't mean some faceless donation to charity or whatever, to some random whatever.  Instead, make a difference, if even for a moment, to some other person around you.  For no reason other than to brighten someone's day.

Give a bag to someone who is short one at a checkout stand at your local grocery.  Offer to buy someone's coffee in line behind you. Help someone to cross a street, or offer to lead someone lost somewhere in a hospital. *Something*

Because these are the kind of things my brother did every day.  And if you happened to say -or even just think to yourself- Because Jeremy OB Wright no longer can, let me help you... then there could never be any better memorial for him than that.

&nbsp;

**Reminder - I am not the original poster.**",6610,560,2022-12-12 18:53:14,https://www.reddit.com/r/BestofRedditorUpdates/comments/zk7rx2/my_brother_who_hated_religion_died_saturday_i/,[],[],False
1rwzxe0,aussie,One nation declared a hate group by global think tank,"Global project against hate and extremism has labelled one nation a hate group. 

https://www.vice.com/en/article/pauline-hansons-one-nation-has-been-declared-a-hate-group/

Pauline Hanson’s One Nation Party has been listed as one of 20 established and emerging hate groups in Australia by a global extremism think tank, for its track record on anti-multiculturalism, white nationalism, and COVID-19 conspiracy theories.

In a report released on Wednesday, the Global Project Against Hate and Extremism (GPAHE) added One Nation and the Australian Christian Lobby to its registry of Australian hate groups, as part of an educational global series aimed at illustrating how local hate groups interact with others around the world. 

Wendy Via, the report’s author and co-founder of GPAHE, said far-right extremist movements, like those listed in the report, inspire terrorism, mass killings, and rights-restricting policies around the world, and they’re increasingly interconnected.

“Community safety and democracies are at risk. It’s critical that people, locally and globally, understand the far-right extremist landscape, how it operates, and how the dots are connected within countries and transnationally in order to counter the threats from these groups,” Via said. 

In its Australian report, the think tank describes One Nation’s ideology as one centred around anti-immigrant, anti-Muslim, anti-globalist, white nationalist and conspiratorial sentiment. 

The report goes on to detail how the party, through senator Pauline Hanson, runs on a “broadly populist and protectionist platform”, couched in claims that other political parties are out of step with the rest of mainstream Australia. 

It also offers readers a speedrun of Hanson’s headline acts of racism and white nationalism, including an incident in 2017, when she wore a burqa into question time before tearing it off during a speech she tried to use to get the religious garment banned.

The One Nation leader has a chequered track record on racism, stretching all the way back to her maiden speech to parliament in 1996, where she ranted about the “reverse racism” that offers Indigenous people of Australia “privileges…over other Australians”.

Earlier this month, Hanson was referred to the Human Rights Commission after she told Greens senator, Mehreen Faruqi, to “piss off back to Pakistan” on Twitter, and later delivered a broadsided defence of the slur on the Senate floor. 

“It’s incredibly disturbing to see a growing number of groups boldly advocating for a white ethnostate in Australia,” said Heidi Beirich, a co-founder at GPAHE. 

“There is no doubt that the racism and bigotry that Trump unleashed in the US has influenced and emboldened that same sentiment as far away as Australia.”

And Hanson isn’t the only figure with one foot in Canberra to find itself on the GPAHE’s list. 

In among various neo-nazi organisations and white nationalist hate groups lies the Australian Christian Lobby (ACL), which is described by the GPAHE as one that is fiercely anti-LGBTQ+, and denies “the existence of transgender people”.

The report also highlights the group’s deep ties to state and federal politicians, and its relentless lobbying efforts in Canberra. Among the most recent was the Religious Freedom bill, which failed to pass earlier this year, and could still allow for religious schools to expel students on the basis of their gender, or their sexuality. 

The bill became the source of major rupture in the former Morrison government, and exposed a grab-bag of cultural fractures in Australian politics. Namely, the influence with which Christian lobby groups, like the ACL, have come to bend leaders in Canberra at will. 

The GPAHE’s Australian report emerges as the second instalment of the series published this year, after the think tank—started by Southern Poverty Law Center Alumni—released a similar resource on Irish hate groups in August.",384,457,2026-03-18 10:16:06,https://www.reddit.com/r/aussie/comments/1rwzxe0/one_nation_declared_a_hate_group_by_global_think/,[],[],False
1lhsh1i,TrueOffMyChest,I’m pregnant and I hate it,"I (20F) was raped and physically-abused by my ex-boyfriend 5 months ago. I am currently pregnant and it’s the bane of my existence. I have no family and no friends to help me. I was considering an abortion but I was a people pleaser at the time, and my boyfriend fed me lies about “being the best father” before cheating on me and leaving my life. 

I hate it. I hate having weird cravings. I feel like there’s an alien growing in my stomach and I get nauseous thinking about it. I fear giving birth will either traumatize me or kill me, whichever comes first. The only way to comfort myself is to pretend I have a tumor and squeezing it out is the only way to end this nightmare. I miss my healthy body and the light in my eyes. I hate this baby, I hate myself for allowing my assault to happen, I hate my ex, I don’t want to be its mother, and the second this is over, it’s going to the state because I’m fucking sick of it. I’m in therapy now but I feel like my life is ending day by day.

EDIT: I’m only going to say this once. I’m not doing adoption for the baby’s sake but for mine. I would have gotten an abortion, however I have religious family that I rely finances on and word will get around. Plus I can’t raise this baby because I feel absolutely no love or affection or desire for babies. Hence why adoption is my only option I’m sticking with. I want nothing to do with it, and when this is all said and done, I aim to have my life back to normal. And that’s final. ",1526,294,2025-06-22 16:47:48,https://www.reddit.com/r/TrueOffMyChest/comments/1lhsh1i/im_pregnant_and_i_hate_it/,[],[],False
1en34ec,india,Religious hate spreading among Indian Youth,"Hi r/india. I am a 17-year-old who just completed 12th grade, and I want to share an incident that happened at my coaching institute a few months ago. It was lunch break, so no teacher was present. One of my classmates got into a big fight with a guy named- let's just call him X (edit: hiding his name for personal reasons, editing this pretty late), and it escalated to physical violence. After things settled down, a classmate from the last bench said, 'This is why all Muslims should be sent back to Pakistan.' 

The whole class (pretty much) went silent when they heard this. After a minute or two, some of my friends started discussing how the Muslim community is destroying the nation and other political-religious stuff. The guy (X) stayed silent and had nothing to say. He became one of the quietest people in the class after that.

I was in total shock when I heard my friends talking like this, and I distanced myself from them later on. This wasn't the first time someone had been attacked because of their religion. This incident left a deep impression on me about how today's youth are discriminating against each other based on religion. I couldn't find a perfect subreddit to post this, so here I am....

PS: Sorry if the post feels too bland. I tried to keep it as simple and short as possible.",2092,571,2024-08-08 11:07:01,https://www.reddit.com/r/india/comments/1en34ec/religious_hate_spreading_among_indian_youth/,[],[],False
1quq3lu,youtube,Genuinely starting to hate these comments,"I'm not religious, but this keeps me away from it even more",945,185,2026-02-03 12:01:17,https://www.reddit.com/r/youtube/comments/1quq3lu/genuinely_starting_to_hate_these_comments/,[],[],False
189sy8v,explainlikeimfive,ELI5: Why do Pakistan and India hate each other?,"I know a little bit about the history of British colonial India, the partition, and the subsequent religious and cultural divides, but I don't understand why that has led to India and Pakistan hating EACH OTHER so much?

Why wouldn't they just hate the Brits?

But now it seems like Britain is still looked upon quite favourably by both, but they can't stand each other?

Edit: A lot of great responses, I've learnt a lot from reading everyone's different responses, but I am aware complex histories and geopolitics are hard to ELI5, but I still appreciate everyone's 2 cents and thought out responses! Thanks",2090,1213,2023-12-03 12:55:45,https://www.reddit.com/r/explainlikeimfive/comments/189sy8v/eli5_why_do_pakistan_and_india_hate_each_other/,[],[],False
gw2scr,LeopardsAteMyFace,"Religious student posts hateful, pro-murder-by-cop screed, quickly gets un-schooled by religious educators",,12441,750,2020-06-03 21:12:19,https://www.reddit.com/r/LeopardsAteMyFace/comments/gw2scr/religious_student_posts_hateful_promurderbycop/,[],[],False
sfwnj5,PoliticalCompassMemes,Holy crap you guys really hate Circumcision,,3851,1472,2022-01-30 00:57:12,https://www.reddit.com/r/PoliticalCompassMemes/comments/sfwnj5/holy_crap_you_guys_really_hate_circumcision/,[],[],False
1bt6yds,JustUnsubbed,Ju from murder by words. It hasn’t been funny for a while. But it’s just devolved into hating on religious people then acting like you’re a genius. It’s so dumb,,1775,904,2024-04-01 15:38:15,https://www.reddit.com/r/JustUnsubbed/comments/1bt6yds/ju_from_murder_by_words_it_hasnt_been_funny_for_a/,[],[],False
1rh7cuc,stupidpeoplefacebook,You're Hated Because You're Pissing on Religious Freedom,Josh Kimbrell South Carolina State senator ,411,343,2026-02-28 16:45:08,https://www.reddit.com/r/stupidpeoplefacebook/comments/1rh7cuc/youre_hated_because_youre_pissing_on_religious/,[],[],False
17gnc4m,college,I hate it when people shit on humanities,"Yeah, yeah, I know, I won't get paid as much as business majors. I am well aware that humanities is a sector of academia that is constantly disrespected and ignored. I already get to watch our programs get defunded every day, I am well aware of this.

Do you know why I study humanities anyway? Because I don't live my life so that I can make money. I don't want to do something I'm mediocre at so I can take home a paycheck. I do what I do because I have genuine passion for writing, literature and religious study, and I would take that over fancy things in my living room or some big house any day.",2740,535,2023-10-26 03:28:38,https://www.reddit.com/r/college/comments/17gnc4m/i_hate_it_when_people_shit_on_humanities/,[],[],False
vxyv0j,TheRightCantMeme,When hate takes a creative writing course.,,8247,364,2022-07-13 09:16:53,https://www.reddit.com/r/TheRightCantMeme/comments/vxyv0j/when_hate_takes_a_creative_writing_course/,[],[],False
13z667u,india,I hate how playing religious noise at an obnoxious volume is so normalised in India,"Ig it's partly my fault for living close to a temple but I absolutely hate how every other day they set up their loudspeakers and start singing nonsense upto 8 hours a day. You can't even say anything about it because iTs ReLiGiOn like wtf !!!!
And sometimes it continues till 11 pm and I can't even sleep. I was trying to take a nap because I'm having cramps and I can't even do that because these morons want to shove their believes down everyone's ears!!!! I hate this so much

Just for context, I'm an atheist and don't support any religion. I hate all of them equally <3",3056,573,2023-06-03 08:39:31,https://www.reddit.com/r/india/comments/13z667u/i_hate_how_playing_religious_noise_at_an/,[],[],False
30x1kh,bestof,"User in /r/Christianity claims that the backlash against the ""religious freedom"" bill is evidence of anti-Christian hate. /u/corathus59, who lived through Jim Crow, shows up and lays down some common sense.",,11346,1693,2015-03-31 12:11:57,https://www.reddit.com/r/bestof/comments/30x1kh/user_in_rchristianity_claims_that_the_backlash/,[],[],False
5byg48,atheism,"Some of the most powerful positions in the world will now be filled by religious, theocratic, atheist-hating, anti-secular fundamentalists thanks to Donald fucking Trump. Mike Pence, Newt Gingrich, Michelle Bachman, Ben Carson, a red supreme court, the senate...","And let's not even get started on science.

But don't get too upset. There has to be a silver-lining in this somewhere.

I'm hoping that this will force the nation into a new frenzy of discussions and debates as the lunacy unfolds. Remember how kind the George Bush days were to people like Dawkins?

____

Edit: Thank you anonymous stranger for the gold. Bittersweet.",8204,1676,2016-11-09 04:36:43,https://www.reddit.com/r/atheism/comments/5byg48/some_of_the_most_powerful_positions_in_the_world/,[],[],False
9z2jff,Advice,"My brother, who *hated* religion, died Saturday. I just found out our recently ultra-religious mother plans to have his funeral in her Roman Catholic faith... and I ""cannot"" be a pallbearer unless I carry his body to and from the altar.","I need some advice.  I am so outraged, so livid, that I actually have been spluttering when trying to talk about it.

My little brother died Saturday after a 3 year battle with cancer.

TL;DR:  My brother (and I) hate(d) religion, and his burial ceremony is to be conducted in the Roman Catholic tradition because our mother found god in the last half decade.  I feel this is an incredible disrespect to his memory.  I will be unable to be a pallbearer unless I participate in the Mass.

Atheists, do *not* downvote those whom are religious.  Religious types, return the favor please, and do not downvote those opinions you disagree with.  Be civil.

Details:

He was exceedingly anti-religious throughout his life.  Not militantly atheist, where he wanted to tear down all religions and etc, but actively detested religion broadly because of the thought control and hypocrisy of it.

He hated how religion preached peace... *except kill all who do not believe the correct way.*

 He hated how religion preached understanding...  *unless someone thought differently*

He hated how religion preached love... *unless you didn't bow down, and then eternal torment*.

He hated how religion always seemed to act exactly like the leaders of North Korea... act like you love me, do what I say, or forever be imprisoned and tortured.

He hated how religion said one could rape, murder, destroy lives... *but as long as you said sorry at some point it was all good*.

He hated how religious leaders could molest children, but it was all good because they spoke for the invisible sky wizard.

And yet if you lived your life being the most generous, loving, giving person to the point of sacrificing yourself for the betterment of others... you were still allegedly going to be tortured for eternity simply because you did such things because they are the way any of us should be, instead of because Bugs Bunny said we should, and needs must worship Daffy Duck.

My little brother, my best friend throughout my life, the person I have fought beside against the world of both far-right and far-left racism, idiocy, hypocrisy, and hate...

...is to be buried in a Roman Catholic Mass/ceremony, because our mother.  A mother that until 5 years or so was non-religious (not anti, like Brother and I, but scoffed at it) until she moved to Oregon where her sister lives (and whose son is a Roman Catholic Father/priest).

So, the advice I need:

As mentioned... I am outraged and very, very, very, *very*, *VERY* appalled and angry.  I feel that this is an extreme insult to my brother's memory.

I will conduct myself with utmost propriety, despite my inclinations to shout out how much my brother would hate what is going on in his honor.  Heck, if there is ever to be a zombie uprising, this would set it off... as Brother would burst out if his casket if he could.

I will be approached by my mother and asked if I have calmed down/accepted Jesus Christ since being notified that Brother will be laid to rest with full Roman Catholic ceremony.

I plan on asking her if *she* would have calmed down and accepted Muhammed if Aunt Gail (my aunt, her sister) was buried in the Muslim faith. 

I don't want this to be a shitshow.  The only person I have ever unconditionally loved -and who unconditionally loved me back- is dead.

I do not want to profane his memory... and yet, the very ceremony for his funeral is exactly that.

I think I will just *seethe*, and go along with it.  Any sort of confrontation would be worse.

But Reddit, as weird as it may be to ask complete strangers...

What are your thoughts?",7057,1032,2018-11-21 11:46:50,https://www.reddit.com/r/Advice/comments/9z2jff/my_brother_who_hated_religion_died_saturday_i/,[],[],False
1o4xde7,WplaceLive,What we can't hate Nazis?,,739,304,2025-10-12 18:54:27,https://www.reddit.com/r/WplaceLive/comments/1o4xde7/what_we_cant_hate_nazis/,[],[],False
jy07kg,TrueOffMyChest,I'm an Arab and I hate almost everything about my culture,"I'm an Arab Ex-muslim. I was raised in a way and a culture I don't fit in.

It is torture living here hiding your real identity and true-self. It is tiring. This culture is nothing but toxicity. Idk if I'm allowed to say this but religion also is a brainwashing machine that is keeping the community always behind. I want to get out of here please.",5427,585,2020-11-20 23:39:30,https://www.reddit.com/r/TrueOffMyChest/comments/jy07kg/im_an_arab_and_i_hate_almost_everything_about_my/,[],[],False
4biaco,atheism,I hate Islam.,"I despise Islam. I live in the Netherlands and my heart goes out to our neighbor's.

It's so bad in the cities of Western Europe.  It's not just the attacks. It's whole neighborhoods having (semi) jihad law. It's thousands of people in my city who think violence, intimidation and threats are the way to communicate. 

It's women being scared to walk some streets alone even in broad daylight.

It's gays and Jews putting their health on the line when they openly identify as what they are.

It's the progressives who betrayed me. They lost there way. They now openly defend religious extremists. Well of the religion is Islam that is. They go on about gender pronouncing and genderless toilets for ever.  But when you bring up the women hate in Islamic culture you're called a bigot and a racist.

The liberals and neo cons aren't better. They speak out against extremism. Yet they keep being buddy buddy with fascist Islamic countries. No wonder the far right is n the rise.

I want my progressive country with freedom and true liberalism back. I want our anti violence stance back. I want my freedom of speech back. I want my secular country back.

Fuck Islam and those who are pandering it.",6013,1653,2016-03-22 17:01:28,https://www.reddit.com/r/atheism/comments/4biaco/i_hate_islam/,[],[],False
